post_titulo,comentario_autor,comentario_texto
La derecha piensa que la Gen Z est√° de su lado xD,AutoModerator,"‚Ä¢ Este sub es para convivencia amistosa entre mexicanos, evitemos agresiones.
I am a bot, and this action was performed automatically. Please
contact the moderators of this subreddit
if you have any questions or concerns."
La derecha piensa que la Gen Z est√° de su lado xD,kicksFR,En M√©xico s√≥lo existe la clase pol√≠tica y los contribuyentes no hay derecha o izquierda
La derecha piensa que la Gen Z est√° de su lado xD,Ifhes,"No hay derecha o izquierda pol√≠tica hoy*
No tiremos mentiras, las ideolog√≠as existen, pero no est√°n plasmadas en los partidos que compiten por posiciones de poder en todo el pa√≠s. S√≠ en algunas partes. La CDMX tiende a la izquierda mientras que el baj√≠o a la derecha. Esto s√≠ tiene una influencia pol√≠tica que viene de a√±os antes y partidos que ahora ya no existen o tienen poca relevancia como el partido comunista mexicano o el partido dem√≥crata mexicano (originado de la ultra derecha que es el movimiento sinarquista en M√©xico)."
La derecha piensa que la Gen Z est√° de su lado xD,AteneaGirl,"Los partidos √∫nicamente abrazan ideolog√≠as en √©poca de elecciones, ninguna preocupaci√≥n por las inquietudes de izquierda, derecha, conservador o liberal, en ninguna esfera."
La derecha piensa que la Gen Z est√° de su lado xD,Psychological_Ad4814,"Si. Existen las ideolog√≠as para el pueblo y como bien dices existen y existieron partidos que se identificaron como tal. Pero arriba mijo, arriba no existe eso. La izquierda y la derecha es un invento. Es el cuento que te dicen para asustarte. Te sorprender√° saber que la mayor√≠a de los mexicanos nos encontramos en el centro"
La derecha piensa que la Gen Z est√° de su lado xD,Substantial_Tough_87,"me sorprende que se sigan creyendo esa mi3rda de izquierda o derecha, ellos gozan verlos divididos !!!!! hasta cuando paisitas hasta cuando !!!!!!!!!"
La derecha piensa que la Gen Z est√° de su lado xD,delusional_yuppie,"La gente siempre va pensar que la pol√≠tica es negro o blanco, es la realidad son muchas escalas de grises solo que ahuevo les gusta polarizarse para ganar simpat√≠a"
La derecha piensa que la Gen Z est√° de su lado xD,vishnuxyz,Yo pienso que el √∫nico pol√≠tico bueno es el que est√° muerto
La derecha piensa que la Gen Z est√° de su lado xD,Hour_Share6039,Y ni esos se salvan
La derecha piensa que la Gen Z est√° de su lado xD,Due_Twist_8164,"Que buena frase.
""El √∫nico pol√≠tico bueno, es el que est√° muerto""."
"Corrupt politicians in mexico want to overthrow government using the ""Gen Z flag"" (they failed)",Civil-South-7299,Mexican government is siding with the cartels and the people are tired of it
"Corrupt politicians in mexico want to overthrow government using the ""Gen Z flag"" (they failed)",ScholarOfYith,Lmao every single passed Mexican government has blatantly allied with cartels. This one is actually trying to attack the root causes aka poverty and lack of alternatives for youth. Shut up about shit you have no idea about clown.
"Corrupt politicians in mexico want to overthrow government using the ""Gen Z flag"" (they failed)",AudaciouslySexy,"You have no idea, everyone has their price, If they don't have a price they get replaced.
Thats how these cartels work. Nothing will stop em until they get eliminated. Until then stop preaching for this guy, he will either get paid or disappear.
Its what always happens"
"Corrupt politicians in mexico want to overthrow government using the ""Gen Z flag"" (they failed)",neatureguy420,Claudia is the goat get out of here CIA
"Corrupt politicians in mexico want to overthrow government using the ""Gen Z flag"" (they failed)",Ambitious-Rock-8302,"thanks for weighing in, bob from kansas city."
"Corrupt politicians in mexico want to overthrow government using the ""Gen Z flag"" (they failed)",SanityAsymptote,"Ironically the Kansas City Metro has an pretty sizable Mexican diaspora.
So there actually are a lot of strong opinions about Mexican politics here, lol."
"Corrupt politicians in mexico want to overthrow government using the ""Gen Z flag"" (they failed)",IKFA,"No problem, Verb-Noun-Number."
"Corrupt politicians in mexico want to overthrow government using the ""Gen Z flag"" (they failed)",chumboecrucifixo,"Here's an idea, lets overthrown the current government and then change it for a goverment that will also side with cartels, because that's inevitable."
"Ustedes que opinan del grupo ""Generaci√≥n Z Mexico?",OldManInSpirit,"Al √°rbol se le conoce por sus frutos, hay demasiado ruido, mucho nerviosismo con este grupo y se les acusa de estar politizados, pues el ejemplo m√°s reciente de una tragedia politizada fue Ayotzinapa y ahi si vimos a figuras pol√≠ticas no s√≥lo marchar sino estar en primera fila y liderando el movimiento, Sheinbaum, Noro√±a, AMLO, etc. todos con su meg√°fono o micr√≥fono, gritando que fue el estado aunque quienes gobernaban el estado eran ellos y culpando a la presidencia cuando todas las versiones habland e que simplemente se subieron al cami√≥n que no deb√≠an y a unos los desinstalaron y a otros los dejaron ir pero que se escondieran por ah√≠.
A estos chicos pues vamos a verlos antes de juzgarlos, ya si vemos que los lidera Claudio X o Calder√≥n o Jorge Romero o Marko Cort√©s o alguien as√≠ entonces ahi si chillen y pataleen, pero si yo veo nomas puro chavo marchando con calma sin hacer destrozos simplemente reclamando justicia y pidiendo cosas sin hablar de partidos, los apoyo, porque estoy HASTA LA VERGA de todo este asco que se han inventado."
"Ustedes que opinan del grupo ""Generaci√≥n Z Mexico?",v3intecms,"Que son unos chingones al optar por cancelar su movilizacion al darse cuenta como ""alguienes"" se infiltraron en su movimiento y al ver que la puerca torcia el rabo optaron por dar marcha atras, unos chingones repito"
"Ustedes que opinan del grupo ""Generaci√≥n Z Mexico?",v3intecms,"Por cierto, gracias por tus posts CHATGPT
cada dia mas profundo "" tu analisis"""
"Ustedes que opinan del grupo ""Generaci√≥n Z Mexico?",wedionavex,"O cambiar el numero de emergencias a 9-1-1. 
Que no esa mamada la inventaron los gringos?"
"Ustedes que opinan del grupo ""Generaci√≥n Z Mexico?",Sad-Independent-6897,"Por qu√© Estados Unidos es el admin del mundo, solo por eso"
"Ustedes que opinan del grupo ""Generaci√≥n Z Mexico?",TrainingSubject6726,"Para eso debe existir el orgullo nacional, para no dejar que nos impongan conceptos huecos y fuera de contexto"
Como ven a este individuo de la Gen Z,Rare_Rutabaga_732,Como que deduce que los que apoyan la marcha estan ideotas
Como ven a este individuo de la Gen Z,redditorgenerico,"que chido, yo tambi√©n quiero ir a turistear de gorra a CDMX"
Como ven a este individuo de la Gen Z,SoftwareTemporary300,https://www.reddit.com/r/mexico/comments/1ouuq37/sobre_porque_los_otros_no_y_este_si/?utm_source=share&utm_medium=web3x&utm_name=web3xcss&utm_term=1&utm_content=share_button
Como ven a este individuo de la Gen Z,shyandugly99,"La marcha va a ser el mismo d√≠a que el Corona Capital, no? Solo tiene que tomar foto de la fila para entrar y ya, le pagaron su viaje a un concierto jaja"
Como ven a este individuo de la Gen Z,Prestigious-HogBoss,"El gobierno de Baja California es morenista y muy problem√°tico, y es seguro que tambi√©n va a haber marchas y protestas. No es de a fuerzas ir a CDMX."
Como ven a este individuo de la Gen Z,CrisAD6,"No lo veo mal, puede ser alguien que tiene muchas ganas de manifestarse y no tiene los medios ir y mostrar apoyo, (no es que no lo haya pensado tambi√©n en ir a CDMX), pero si est√° raro que pida contribuciones en FB, digo igual y estar√≠a bien decirle que mejor se manifieste en su estado si no tiene la oportunidad de ir a CDMX."
¬øGen Z MX?,AutoModerator,"Publicaci√≥n con
Flair [Serio]
:  Convivamos con
respeto
y
civilidad
.
No insultos ni expresiones de odio a corrientes pol√≠ticas diferentes a tus preferencias.
*Lee la Reddiqueta
https://support.reddithelp.com/hc/es-es/articles/205926439-Reddiqueta
*
I am a bot, and this action was performed automatically. Please
contact the moderators of this subreddit
if you have any questions or concerns."
¬øGen Z MX?,real_LNSS,Que ya quiero que sea 15 de Noviembre... es quincena.
¬øGen Z MX?,CriticoDeCafe,"Ya estoy hasta el culo, es lo √∫nico que sale en mi tl de reddit"
¬øGen Z MX?,HedgehogNo500,Esto no va a llegar a nada. Se emocionan por un mont√≥n de nada.
¬øGen Z MX?,EngineerCapital7591,"""Ustedes tienen una responsabilidad, la m√°s importante de todas: la responsabilidad sobre sus familias y sus hijos. Deben dejar de ser alcahuetas de sus hijos, ya sean drogadictos, delincuentes o problem√°ticos. Ustedes conocen a sus propios hijos. Conocen a sus vecinos, a sus sobrinos, y tambi√©n saben las tonter√≠as en las que andan.
Voy a ser claro: seguramente hay aqu√≠ un padre de familia, alguna t√≠a, que sabe cuando su hijo regresa con una moto robada, que sabe que sale con una pistola. Ustedes saben cuando por ah√≠ ejecutaron a uno o a dos, y aun as√≠ hacen la vista gorda. Hacen como que no oyen, ¬°como si yo los hubiera mandado a robar! ¬°Eso es una tonter√≠a!
Enfr√©ntenlos a sus hijos, a sus parientes, y den√∫ncienlos. Si saben que son homicidas, del√°tenlos. Es preferible que vayan a platicar con ellos, que les den consejos y que lloren por ellos en la c√°rcel por unos a√±os, a que lloren por ellos frente a su tumba para siempre. No anden chillando despu√©s, si luego el gobierno los mata en un enfrentamiento o si la delincuencia se los desaparece de la puerta de sus casas.
Porque no s√≥lo el gobierno es responsable. Ustedes, como madres y padres de familia, tambi√©n tienen la culpa si los encubren y no les exigen cuentas. Ustedes son los que est√°n pagando el precio de sus tonter√≠as."" - Carlos Manzo"
¬øGen Z MX?,Un_Tejon_Comun,"Que est√°n aprovechando el descontento de desgracias como la del alcalde de Uruapan y la inseguridad en general. Tal cual lo hizo morena en su momento.
La gente tiene todo el derecho de protestar, mal har√≠an de no hacerlo estando el pa√≠s c√≥mo est√°. De hecho los m√°s encabronados deber√≠an ser justo las personas que votaron a morena pues ellos les creyeron, y les votaron d√°ndoles su confianza. Y morena simplemente a demostrado lo incompetente que es.
Pero tambi√©n es cierto que quienes quieran y vayan a protestar procuren no terminar como tontos √∫tiles de otro grupo pol√≠tico que los instrumentalice simplemente para llegar al poder a hacer exactamente lo mismo. Para m√≠ este mame de la bandera pirata es justamente eso.
Ojal√° si salen a marchar lo hagan de forma independiente y no bajo est√° convocatoria."
¬øGen Z MX?,Informal_Debate3406,Jajaja de manera independiente y uno por uno para no causar molestias a las autoridades... No mamar.
¬øGen Z MX?,Un_Tejon_Comun,"Por mi ve e inmolate en palacio nacional si eso te hace feliz.
El hizo una pregunta y yo contest√© lo que yo cre√≠a."
¬øGen Z MX?,Informal_Debate3406,Y yo opino sobre tu estupidez lo que yo creo.... ü§∑üèª‚Äç‚ôÄÔ∏è
¬øGen Z MX?,Roger-004,"Que es la oportunidad de que su voz sea escuchada, sea el movimiento es de quien lo integra, no de sus dirigentes, adem√°s estar√≠a mejor que si llegaran a presentarse esos dirigentes, la gen Z aprovechar√° a apedrearlos."
"Los zurdos: ""La derecha piensa que la Gen Z esta de su lado xD"", tambien los zurdos xd.",AutoModerator,"‚Ä¢ Este sub es para convivencia amistosa entre mexicanos, evitemos agresiones.
I am a bot, and this action was performed automatically. Please
contact the moderators of this subreddit
if you have any questions or concerns."
"Los zurdos: ""La derecha piensa que la Gen Z esta de su lado xD"", tambien los zurdos xd.",sorlac99,lo que veo es toda una generacion mas de idiotas que estan obsesionados con la izquierda y la derecha y lo que esta les comanda que hagan y piensen en lugar de crear su propio criterio
"Los zurdos: ""La derecha piensa que la Gen Z esta de su lado xD"", tambien los zurdos xd.",WolzenX,"Este movimiento, que originalmente era apartidista, fue desacreditado primero por la izquierda, que mostr√≥ actitudes tipo 'ez panizta', crean cuentas falsas vinculadas al movimiento, venerando a impresentables como Salinas Pliego y reforzar que son gente de derecha. La derecha tampoco se salva, repitiendo que hay que esperar a las pr√≥ximas elecciones para mandar a la verga a Morena. Tal parece que su objetivo es mantenerte dentro del sistema, porque lidiar con quienes se oponen a √©l resulta demasiado inc√≥modo."
"Los zurdos: ""La derecha piensa que la Gen Z esta de su lado xD"", tambien los zurdos xd.",PerfavM_710,"Anteriormente no hab√≠a tanta menci√≥n de la izquierda y la derecha, o almenos no tanta propaganda, de hecho en M√©xico se mencionaba muy poco.
Pero a nivel mundial, como si estuviera organizando, comenzaron con el discurso de que ""lo personal es pol√≠tico"" buscando un enemigo a derrotar, la derecha.
Sin mencionar que tambi√©n este tipo de temas se increment√≥ desde la telenovelisacion de la pol√≠tica."
"Los zurdos: ""La derecha piensa que la Gen Z esta de su lado xD"", tambien los zurdos xd.",sorlac99,"es las redes sociales....ahora la gente ya habla de un racismo que nosotros ni vemos, de guerras que no tenemos nada que ver, sobre si que la ministra nueva de japon, que si los ingleses eso, que si los arabes aquello, que si deportan a quiensabe quienes de quiensabe donde
la gente quiere seguir todo el mame del mundo y parte de seguir ese mame es dividirese a si mismo como izquierda y derecha, como buenos bots. malos y buenos, tu contra mi.
y la derecha hace lo mismo, dejese de mamadas"
"Los zurdos: ""La derecha piensa que la Gen Z esta de su lado xD"", tambien los zurdos xd.",According-Engineer99,"Como op jaja, compartiendo noticias de espa√±a, de un partido espa√±ol, donde dices que los hombres jovenes, blancos y espa√±oles en espa√±a son de derecha, como si eso tuviera algo que ver en mexico"
"Los zurdos: ""La derecha piensa que la Gen Z esta de su lado xD"", tambien los zurdos xd.",PerfavM_710,"""son las redes sociales"" como si la gente no viviera, ni viera las consecuencias de votar siempre a la izquierda xd."
"Los zurdos: ""La derecha piensa que la Gen Z esta de su lado xD"", tambien los zurdos xd.",Imaginary_Common5485,"Que curioso que piensen que hay Derecha e Izquierda en Mexico. Todos son las misma mierda, todos se conocen entre si y nunca faltan los pendejos que se creen su circo."
"Los zurdos: ""La derecha piensa que la Gen Z esta de su lado xD"", tambien los zurdos xd.",PerfavM_710,"Izquierda existe, y siempre a existido, desde los revolucionarios que eran de izquierda.
La derecha es la que realmente escasea en M√©xico."
"Los zurdos: ""La derecha piensa que la Gen Z esta de su lado xD"", tambien los zurdos xd.",Imaginary_Common5485,"Izquierda existe, pero la derecho no? Sus justificaciones son mas rid√≠culas. Solo son conceptos est√∫pidos para mantener a la sociedad separada. Solo hay la fuerza en el poder y la fuerza en contra buscando estar en el poder para hacer lo mismo.
Especialmente en mexico, los partidos de ""izquierda"" o ""derecha"" cambian de integrantes como si fuera un juego. Bueno ,para ellos es un juego, para nosotros es nuestra vida."
A user in r/GenZ posts pictures of an anti-Trump protest in Los Angeles. Some users take issue with the protesters use of Mexican flags,Informal_Treat4634,The subreddit doesn‚Äôt sound anything like any zoomers I‚Äôm around in real life.
A user in r/GenZ posts pictures of an anti-Trump protest in Los Angeles. Some users take issue with the protesters use of Mexican flags,SofaKingI,It‚Äôs full of middle aged men pretending to be kids
A user in r/GenZ posts pictures of an anti-Trump protest in Los Angeles. Some users take issue with the protesters use of Mexican flags,SofaKingI,"It's that and actual zoomers who are far right weirdos who don't fit in with their generation but want to convince themselves it's the people who reject them IRL that are wrong.
I mean, why would a zoomer with normal zoomer opinions go to a zoomer subreddit when the entire internet is dominated by zoomers?"
A user in r/GenZ posts pictures of an anti-Trump protest in Los Angeles. Some users take issue with the protesters use of Mexican flags,Icy-Cry340,"The entire internet is
not
dominated by zoomers lmao. Reddit has a large concentration though."
A user in r/GenZ posts pictures of an anti-Trump protest in Los Angeles. Some users take issue with the protesters use of Mexican flags,IceCreamBalloons,"I thought the term ""zoomer"" was specific to that kind of gen Z kid. They were the gen Z incarnation of boomers.
The rest are just ""gen Z"""
A user in r/GenZ posts pictures of an anti-Trump protest in Los Angeles. Some users take issue with the protesters use of Mexican flags,fart-sparkles,"There's a Canadian magazine called Zoomer that is for boomers.
I think of it whenever I see people refer to gen Z as zoomers.
But more to your point, I have no idea. I thought people were using the terms genz/zoomer interchangeably."
A user in r/GenZ posts pictures of an anti-Trump protest in Los Angeles. Some users take issue with the protesters use of Mexican flags,smallangrynerd,"I (older gen z) think of zoomers as the younger end of the generation, like 2005 on. The ones that know what skibidi toilet means"
A user in r/GenZ posts pictures of an anti-Trump protest in Los Angeles. Some users take issue with the protesters use of Mexican flags,KittyEevee5609,"2000s gen z here, yeah I agree. I can even see the changes in our generation between me (older gen z) my sister (middle gen z, 2007) and then my brother (youngest gen z 2011)
There is differences in how we were raised as rapid changes occurred throughout these years, differences in society, differences in social norms, just so many.
Honestly zoomers are the younger generation of gen z just with all the differences, my other two siblings really can't stay off the internet or live without technology and call me old all the time when I use outdated slang... Also they've romanticized my teenage years (2012-2014) as the best time to be a teenager."
A user in r/GenZ posts pictures of an anti-Trump protest in Los Angeles. Some users take issue with the protesters use of Mexican flags,smallangrynerd,"Well I guess that tracks, I thought of the 90s and 00s of being the best time to be a teen lol. At least they had malls and grunge! What did we have? An iPhone 5? Trying to play games on a clunky windows 7 laptop?"
A user in r/GenZ posts pictures of an anti-Trump protest in Los Angeles. Some users take issue with the protesters use of Mexican flags,KittyEevee5609,"I mean, we at least could still go outside without parents. Most places now will force an adult to be with you if you're under 18, plus I still had a mall near me growing up that died before they became teenagers, also playgrounds.
Basically while we were teenagers we had 3rd places to go to. Many studies point out now and days teens don't have that anymore and use the internet for it instead and that's causing a lot of social and mental issues."
"""Trump voters on here, where do draw the line?"" asked one user on r/Genz ""Cope and seethe"" was the response",Hyperbolicalpaca,"This is my favourite
The point is the word rap3 has a specific meaning in people's imagination. What he did was manipulating a porn star and while that might fall under the legal definition, it's a very different thing.
Not understanding their own argument soo much lol, stormy Daniels wasn‚Äôt the woman whom trump raped, she was the woman who he illegally used campaign money to pay off not to tell anyone she‚Äôd had sex with him, it was a different woman he raped"
"""Trump voters on here, where do draw the line?"" asked one user on r/Genz ""Cope and seethe"" was the response",Environmental-Song16,"Ugh, thank you.  It really pissed me off that the commenter basically called E. Jean Carroll a prostitute. Or forgot she existed conveniently and was talking about Stormy"
"""Trump voters on here, where do draw the line?"" asked one user on r/Genz ""Cope and seethe"" was the response",D_J_D_K,Absolutely love the implication in the wording of the OP that being a porn star mitigates it somehow
"""Trump voters on here, where do draw the line?"" asked one user on r/Genz ""Cope and seethe"" was the response",FlamingMuffi,"You have to understand something
With conservatives the situation and life one leads is a key factor in how much they need to care
Porn star gets raped ""meh her fault for being a slut""
Guy gets shot by cops at a routine traffic stop but has a history of drug use ""eh he was a thug""
Etc"
"""Trump voters on here, where do draw the line?"" asked one user on r/Genz ""Cope and seethe"" was the response",SpotBlur,"Conservatism consists of exactly one proposition, to wit: There must be in-groups whom the law protects but does not bind, alongside out-groups whom the law binds but does not protect"
"""Trump voters on here, where do draw the line?"" asked one user on r/Genz ""Cope and seethe"" was the response",Ok_Preparation_5328,[deleted]
"""Trump voters on here, where do draw the line?"" asked one user on r/Genz ""Cope and seethe"" was the response",Ok_Preparation_5328,It‚Äôs not that easy to keep up
"""Trump voters on here, where do draw the line?"" asked one user on r/Genz ""Cope and seethe"" was the response",Away_Stock_2012,">it was a different woman he raped
He raped multiple women and a child."
"""Trump voters on here, where do draw the line?"" asked one user on r/Genz ""Cope and seethe"" was the response",jooes,"It's kinda funny for them to say ""It fits the legal definition of rape but not the rape that most people imagine in their head"" when literally the exact opposite of that was brought up during the E Jean Carroll situation.
In that most people would consider what he did to
her
to be rape, but he didn't put the P in the V, so it doesn't
technically
fit the legal definition of ""rape.""
So it's like, I'm not really sure that's the argument you want to go with, bud. You've successfully defended a rape that nobody said ever happened in the first place, and confirmed that the sexual abuse that he did to this other woman was, in fact, ""rape.""
I also like the implication that you can't rape pornstars...¬†Then again, Trump's lawyers argued at one point that you can't legally rape your wife. It sure is a bit fucky that we keep trotting out all these technicalities to explain away this guys sexual history."
"Begun, the broccoli wars has, as users in r/GenZ argue over the prospect of getting drafted in a hypothetical US vs China conflict",NoInvestment2079,[deleted]
"Begun, the broccoli wars has, as users in r/GenZ argue over the prospect of getting drafted in a hypothetical US vs China conflict",NoInvestment2079,"I was talking to a guy on here who is in the Army, and he just laughed at our DUI hire Sec Def trying to say ""Yeah, we will totes go to war with China over the tariffs.
Have to look up his reasons, but it was pretty much a combination of ""Our officer corps are not staffed properly, esp at mid level leadership and it isn't the 40s where you can take a school teacher or an accountant and make them a LT without any training. You're talking months for one LT."""
"Begun, the broccoli wars has, as users in r/GenZ argue over the prospect of getting drafted in a hypothetical US vs China conflict",Dizzy-Captain7422,"Yep. My dad was an officer and even back in the late 70/early 80s when he was in college, he had four years of training. A platoon full of nothing but privates and one sergeant who got their stripes a month ago isn't going to accomplish anything."
"Begun, the broccoli wars has, as users in r/GenZ argue over the prospect of getting drafted in a hypothetical US vs China conflict",Sea_Lingonberry_4720,"China will only start a war with the US if they‚Äôre monumentally, suicidally stupid, or the U.S. provokes them. We‚Äôre too economically tied, nuclear war is possible, without nukes it‚Äôs 50/50 who wins, and Taiwan would be only an ideological victory, no actual benefit.
Then again, that‚Äôs what they said about Russia and Ukraine."
"Begun, the broccoli wars has, as users in r/GenZ argue over the prospect of getting drafted in a hypothetical US vs China conflict",ChunkyBubblz,China can just sit back and watch the US destroy itself.
"Begun, the broccoli wars has, as users in r/GenZ argue over the prospect of getting drafted in a hypothetical US vs China conflict",Vinylmaster3000,"Do Nothing
Wins"
"Begun, the broccoli wars has, as users in r/GenZ argue over the prospect of getting drafted in a hypothetical US vs China conflict",Significant-Sky3077,"Certainly, but that was the trajectory China was on under Hu anyway. Xi has taken a more aggressive, jingoistic and risky approach regarding foreign relations. Who knows what it will mean."
"Begun, the broccoli wars has, as users in r/GenZ argue over the prospect of getting drafted in a hypothetical US vs China conflict",sigmaluckynine,"You'll need proof on this because I'm not seeing what you're seeing. The only one I can think of is the Phillipines (Taiwan doesn't count for a lot of reasons). Or are you talking about when they experimented with that Wolf Warrior thing a few years ago - that was more cringe than anything.
As for jingoism, I can't even think of a single instance right now. Maybe the history/culture thing with Korea? But that's not really foreign policies as much as netizens from both sides being netizens...
As for risky approach...this is even more baseless. What risky behaviour? It's not like a senior politician went to a Flashpoint and area of contention to stir things up - oh, wait that's Pelosi"
"Begun, the broccoli wars has, as users in r/GenZ argue over the prospect of getting drafted in a hypothetical US vs China conflict",Significant-Sky3077,"If you can only raise one example then you're probably not paying attention.
Since Xi came to power, China's relations with the vast majority of its neighbors has worsened for multiple reasons. From ASEAN to South Asia.
Or are you talking about when they experimented with that Wolf Warrior thing a few years ago - that was more cringe than anything.
It's not an experiment, it's the core of their diplomatic approach now and they've continued with it.
I've looked at your comment history. I'm not fundamentally interested in speaking with people who make judgements based off ideology and facts second. It's pretty obvious that's what you're doing. Trust me I have no reason to be biased against China, in fact I was quite happy with how they were under Hu."
"Begun, the broccoli wars has, as users in r/GenZ argue over the prospect of getting drafted in a hypothetical US vs China conflict",sigmaluckynine,"Dude, I follow Indo-Pacific a lot more than anywhere else. So, how about you share where my blindspots are?
And you're measuring that how? They currently have a lot of active projects in SE Asia, South Korean relations are mostly stable, and they're part of the biggest free trade agreement. The only ones that has a problem is Japan and Australia - but frankly it's not as if the Chinese have done anything for them to feel antagonized.
What in the world are you talking about foe the last part. I haven't seen them post anything remotely similar in the last couple of years. Even the recent press conferences has been reasonable.
Ideology? Lol and exactly what idealogy is that, plus you're talking about facts which you haven't provided. And exactly what am I doing that you think I'm doing? So far, I've seen a lot of people talk about China without even understand who China is today or some bizarre statements.
What you're saying gives me the same vibe as those people that went around a couple of years ago claiming social credit system in China - full of conjectures and no basis or actual claim"
I Visited all 32 states in Mexico!,Independent-Virus-54,Well done! This is an amazing achievement. Really really cool.
I Visited all 32 states in Mexico!,Lando__24,Hey thanks my friend! It taught me a lot and happy to share some of it here!
I Visited all 32 states in Mexico!,_k_t_8,So amazing! Thank you for sharing your experiences in such detail!
I Visited all 32 states in Mexico!,Lando__24,"Yeahh probably a bit long, but for the people who want it it‚Äôs there. I‚Äôve benefitted so much from people sharing on platforms like this, so just trying to make the world go round and fill in when I can. üëç Thanks"
I Visited all 32 states in Mexico!,4502Miles,Awesome trip - great summary and pics
I Visited all 32 states in Mexico!,Whiskey_and_Wiretaps,"Awesome job dude. I need to go back and watch your videos. I stumbled across yours when you first started your trip, but hadn‚Äôt seen them in a while. Congrats on a huge accomplishment!"
I Visited all 32 states in Mexico!,Lando__24,That‚Äôs hilarious! Yeahh well despite what many said would not be a successful trip.. Update: I‚Äôm alive brother!!! Haha
I Visited all 32 states in Mexico!,Lost_soul_ryan,Hell ya. I'll save thus for later to read on a computer. Been wanting to ride a few states down there so this will be a good read.
I Visited all 32 states in Mexico!,Lando__24,"Haha nice brother! Yes it‚Äôs a long read, but honestly I don‚Äôt know who could give you more real life detail on the country as a whole.. I worked really hard on writing this all out so I hope it inspires & encourages responsible travel through Mexico :)"
I Visited all 32 states in Mexico!,Narrow-Attitude-837,Que padre hermano! Ted Simon would be proud
